uid,age,gender,province
2670699760 {'1': 1.0} {'1': 1.0} {'1': 1.0}
1619396022 {'1': 1.0} {'1': 1.0} {'1': 1.0}
1855319517 {'1': 1.0} {'1': 1.0} {'1': 1.0}
1880448490 {'1': 1.0} {'1': 1.0} {'1': 1.0}
3206847373 {'1': 1.0} {'1': 1.0} {'1': 1.0}
1645648351 {'1': 1.0} {'1': 1.0} {'1': 1.0}
2246375172 {'1': 1.0} {'1': 1.0} {'1': 1.0}
1410016511 {'1': 1.0} {'1': 1.0} {'1': 1.0}
2205338177 {'1': 1.0} {'1': 1.0} {'1': 1.0}
1423236984 {'1': 1.0} {'1': 1.0} {'1': 1.0}
1782796481 {'1': 1.0} {'1': 1.0} {'1': 1.0}
3128719942 {'1': 1.0} {'1': 1.0} {'1': 1.0}
2459711325 {'1': 1.0} {'1': 1.0} {'1': 1.0}
2510862543 {'1': 1.0} {'1': 1.0} {'1': 1.0}
1871983194 {'1': 1.0} {'1': 1.0} {'1': 1.0}
1181431895 {'1': 1.0} {'1': 1.0} {'1': 1.0}
2627345571 {'1': 1.0} {'1': 1.0} {'1': 1.0}
1073374664 {'1': 1.0} {'1': 1.0} {'1': 1.0}
2384305011 {'1': 1.0} {'1': 1.0} {'1': 1.0}
2262608590 {'1': 1.0} {'1': 1.0} {'1': 1.0}
1790118144 {'1': 1.0} {'1': 1.0} {'1': 1.0}
1082420940 {'1': 1.0} {'1': 1.0} {'1': 1.0}
1342147282 {'1': 1.0} {'1': 1.0} {'1': 1.0}
2256919917 {'1': 1.0} {'1': 1.0} {'1': 1.0}
3164061791 {'1': 1.0} {'1': 1.0} {'1': 1.0}
1731031795 {'1': 1.0} {'1': 1.0} {'1': 1.0}
1180502585 {'1': 1.0} {'1': 1.0} {'1': 1.0}
2132380980 {'1': 1.0} {'1': 1.0} {'1': 1.0}
2181797375 {'1': 1.0} {'1': 1.0} {'1': 1.0}
2845614373 {'1': 1.0} {'1': 1.0} {'1': 1.0}
1923214905 {'1': 1.0} {'1': 1.0} {'1': 1.0}
1763266503 {'1': 1.0} {'1': 1.0} {'1': 1.0}
2609577162 {'1': 1.0} {'1': 1.0} {'1': 1.0}
1762504152 {'1': 1.0} {'1': 1.0} {'1': 1.0}
2854188982 {'1': 1.0} {'1': 1.0} {'1': 1.0}
1401785002 {'1': 1.0} {'1': 1.0} {'1': 1.0}
1086482047 {'1': 1.0} {'1': 1.0} {'1': 1.0}
1868517934 {'1': 1.0} {'1': 1.0} {'1': 1.0}
1771550825 {'1': 1.0} {'1': 1.0} {'1': 1.0}
1768137164 {'1': 1.0} {'1': 1.0} {'1': 1.0}
2216382331 {'1': 1.0} {'1': 1.0} {'1': 1.0}
1889726467 {'1': 1.0} {'1': 1.0} {'1': 1.0}
2274870443 {'1': 1.0} {'1': 1.0} {'1': 1.0}
2564038235 {'1': 1.0} {'1': 1.0} {'1': 1.0}
2928274092 {'1': 1.0} {'1': 1.0} {'1': 1.0}
2349793513 {'1': 1.0} {'1': 1.0} {'1': 1.0}
2821834280 {'1': 1.0} {'1': 1.0} {'1': 1.0}
1911862417 {'1': 1.0} {'1': 1.0} {'1': 1.0}
2700668292 {'1': 1.0} {'1': 1.0} {'1': 1.0}
2537364095 {'1': 1.0} {'1': 1.0} {'1': 1.0}
3066415743 {'1': 1.0} {'1': 1.0} {'1': 1.0}
1369457251 {'1': 1.0} {'1': 1.0} {'1': 1.0}
2099764285 {'1': 1.0} {'1': 1.0} {'1': 1.0}
1655732820 {'1': 1.0} {'1': 1.0} {'1': 1.0}
2174907263 {'1': 1.0} {'1': 1.0} {'1': 1.0}
2802053524 {'1': 1.0} {'1': 1.0} {'1': 1.0}
2662349711 {'1': 1.0} {'1': 1.0} {'1': 1.0}
1459932801 {'1': 1.0} {'1': 1.0} {'1': 1.0}
2835660065 {'1': 1.0} {'1': 1.0} {'1': 1.0}
2675330351 {'1': 1.0} {'1': 1.0} {'1': 1.0}
1843553850 {'1': 1.0} {'1': 1.0} {'1': 1.0}
1769167525 {'1': 1.0} {'1': 1.0} {'1': 1.0}
2308003093 {'1': 1.0} {'1': 1.0} {'1': 1.0}
1820649290 {'1': 1.0} {'1': 1.0} {'1': 1.0}
2111181653 {'1': 1.0} {'1': 1.0} {'1': 1.0}
1877920917 {'1': 1.0} {'1': 1.0} {'1': 1.0}
1768369801 {'1': 1.0} {'1': 1.0} {'1': 1.0}
1927317025 {'1': 1.0} {'1': 1.0} {'1': 1.0}
2710871370 {'1': 1.0} {'1': 1.0} {'1': 1.0}
1256124482 {'1': 1.0} {'1': 1.0} {'1': 1.0}
1785108597 {'1': 1.0} {'1': 1.0} {'1': 1.0}
1869091607 {'1': 1.0} {'1': 1.0} {'1': 1.0}
2107380817 {'1': 1.0} {'1': 1.0} {'1': 1.0}
1682059491 {'1': 1.0} {'1': 1.0} {'1': 1.0}
1429913582 {'1': 1.0} {'1': 1.0} {'1': 1.0}
1590497077 {'1': 1.0} {'1': 1.0} {'1': 1.0}
1846246675 {'1': 1.0} {'1': 1.0} {'1': 1.0}
1701008581 {'1': 1.0} {'1': 1.0} {'1': 1.0}
3155084540 {'1': 1.0} {'1': 1.0} {'1': 1.0}
2305918423 {'1': 1.0} {'1': 1.0} {'1': 1.0}
1216795565 {'1': 1.0} {'1': 1.0} {'1': 1.0}
2376558805 {'1': 1.0} {'1': 1.0} {'1': 1.0}
2507796045 {'1': 1.0} {'1': 1.0} {'1': 1.0}
1336351400 {'1': 1.0} {'1': 1.0} {'1': 1.0}
1695817525 {'1': 1.0} {'1': 1.0} {'1': 1.0}
1849115272 {'1': 1.0} {'1': 1.0} {'1': 1.0}
2296571643 {'1': 1.0} {'1': 1.0} {'1': 1.0}
2368914063 {'1': 1.0} {'1': 1.0} {'1': 1.0}
1414874342 {'1': 1.0} {'1': 1.0} {'1': 1.0}
2511704410 {'1': 1.0} {'1': 1.0} {'1': 1.0}
1551311961 {'1': 1.0} {'1': 1.0} {'1': 1.0}
2050268993 {'1': 1.0} {'1': 1.0} {'1': 1.0}
1391429917 {'1': 1.0} {'1': 1.0} {'1': 1.0}
1567657033 {'1': 1.0} {'1': 1.0} {'1': 1.0}
2701059532 {'1': 1.0} {'1': 1.0} {'1': 1.0}
1279750675 {'1': 1.0} {'1': 1.0} {'1': 1.0}
1869335227 {'1': 1.0} {'1': 1.0} {'1': 1.0}
3136112385 {'1': 1.0} {'1': 1.0} {'1': 1.0}
1706144641 {'1': 1.0} {'1': 1.0} {'1': 1.0}
2282459260 {'1': 1.0} {'1': 1.0} {'1': 1.0}
1907411770 {'1': 1.0} {'1': 1.0} {'1': 1.0}
2948535201 {'1': 1.0} {'1': 1.0} {'1': 1.0}
1882536614 {'1': 1.0} {'1': 1.0} {'1': 1.0}
1526297793 {'1': 1.0} {'1': 1.0} {'1': 1.0}
1882993815 {'1': 1.0} {'1': 1.0} {'1': 1.0}
1350455380 {'1': 1.0} {'1': 1.0} {'1': 1.0}
1854142525 {'1': 1.0} {'1': 1.0} {'1': 1.0}
3079824341 {'1': 1.0} {'1': 1.0} {'1': 1.0}
1311534325 {'1': 1.0} {'1': 1.0} {'1': 1.0}
2276432117 {'1': 1.0} {'1': 1.0} {'1': 1.0}
2338461283 {'1': 1.0} {'1': 1.0} {'1': 1.0}
1784862801 {'1': 1.0} {'1': 1.0} {'1': 1.0}
1829288844 {'1': 1.0} {'1': 1.0} {'1': 1.0}
1821516832 {'1': 1.0} {'1': 1.0} {'1': 1.0}
1259618275 {'1': 1.0} {'1': 1.0} {'1': 1.0}
1757077381 {'1': 1.0} {'1': 1.0} {'1': 1.0}
2624283101 {'1': 1.0} {'1': 1.0} {'1': 1.0}
1904390557 {'1': 1.0} {'1': 1.0} {'1': 1.0}
2743059347 {'1': 1.0} {'1': 1.0} {'1': 1.0}
3153982355 {'1': 1.0} {'1': 1.0} {'1': 1.0}
2797669124 {'1': 1.0} {'1': 1.0} {'1': 1.0}
1961950242 {'1': 1.0} {'1': 1.0} {'1': 1.0}
1791115641 {'1': 1.0} {'1': 1.0} {'1': 1.0}
2231180301 {'1': 1.0} {'1': 1.0} {'1': 1.0}
2661045443 {'1': 1.0} {'1': 1.0} {'1': 1.0}
1402681787 {'1': 1.0} {'1': 1.0} {'1': 1.0}
1254271303 {'1': 1.0} {'1': 1.0} {'1': 1.0}
3271593641 {'1': 1.0} {'1': 1.0} {'1': 1.0}
1739128605 {'1': 1.0} {'1': 1.0} {'1': 1.0}
1875770121 {'1': 1.0} {'1': 1.0} {'1': 1.0}
2266192447 {'1': 1.0} {'1': 1.0} {'1': 1.0}
1950471321 {'1': 1.0} {'1': 1.0} {'1': 1.0}
1857549511 {'1': 1.0} {'1': 1.0} {'1': 1.0}
1892229353 {'1': 1.0} {'1': 1.0} {'1': 1.0}
1909016513 {'1': 1.0} {'1': 1.0} {'1': 1.0}
2815053851 {'1': 1.0} {'1': 1.0} {'1': 1.0}
2535953562 {'1': 1.0} {'1': 1.0} {'1': 1.0}
1400771093 {'1': 1.0} {'1': 1.0} {'1': 1.0}
1850000380 {'1': 1.0} {'1': 1.0} {'1': 1.0}
2894146075 {'1': 1.0} {'1': 1.0} {'1': 1.0}
1807787447 {'1': 1.0} {'1': 1.0} {'1': 1.0}
1622589630 {'1': 1.0} {'1': 1.0} {'1': 1.0}
2178733493 {'1': 1.0} {'1': 1.0} {'1': 1.0}
1453457135 {'1': 1.0} {'1': 1.0} {'1': 1.0}
2659196643 {'1': 1.0} {'1': 1.0} {'1': 1.0}
1180350117 {'1': 1.0} {'1': 1.0} {'1': 1.0}
2384469307 {'1': 1.0} {'1': 1.0} {'1': 1.0}
2769029983 {'1': 1.0} {'1': 1.0} {'1': 1.0}
2659750053 {'1': 1.0} {'1': 1.0} {'1': 1.0}
1790038634 {'1': 1.0} {'1': 1.0} {'1': 1.0}
1737499791 {'1': 1.0} {'1': 1.0} {'1': 1.0}
1258211390 {'1': 1.0} {'1': 1.0} {'1': 1.0}
2766594152 {'1': 1.0} {'1': 1.0} {'1': 1.0}
1668134532 {'1': 1.0} {'1': 1.0} {'1': 1.0}
2583009800 {'1': 1.0} {'1': 1.0} {'1': 1.0}
2285664970 {'1': 1.0} {'1': 1.0} {'1': 1.0}
1948033613 {'1': 1.0} {'1': 1.0} {'1': 1.0}
2718960911 {'1': 1.0} {'1': 1.0} {'1': 1.0}
1649489460 {'1': 1.0} {'1': 1.0} {'1': 1.0}
1716990407 {'1': 1.0} {'1': 1.0} {'1': 1.0}
1872130685 {'1': 1.0} {'1': 1.0} {'1': 1.0}
2307919703 {'1': 1.0} {'1': 1.0} {'1': 1.0}
1283514072 {'1': 1.0} {'1': 1.0} {'1': 1.0}
1870889384 {'1': 1.0} {'1': 1.0} {'1': 1.0}
1222870324 {'1': 1.0} {'1': 1.0} {'1': 1.0}
2672045501 {'1': 1.0} {'1': 1.0} {'1': 1.0}
1973291605 {'1': 1.0} {'1': 1.0} {'1': 1.0}
2266717031 {'1': 1.0} {'1': 1.0} {'1': 1.0}
1815559532 {'1': 1.0} {'1': 1.0} {'1': 1.0}
2667875431 {'1': 1.0} {'1': 1.0} {'1': 1.0}
2691282791 {'1': 1.0} {'1': 1.0} {'1': 1.0}
2188020015 {'1': 1.0} {'1': 1.0} {'1': 1.0}
2588638300 {'1': 1.0} {'1': 1.0} {'1': 1.0}
1081286043 {'1': 1.0} {'1': 1.0} {'1': 1.0}
1811820305 {'1': 1.0} {'1': 1.0} {'1': 1.0}
1949830645 {'1': 1.0} {'1': 1.0} {'1': 1.0}
1670201175 {'1': 1.0} {'1': 1.0} {'1': 1.0}
2804557451 {'1': 1.0} {'1': 1.0} {'1': 1.0}
1911443683 {'1': 1.0} {'1': 1.0} {'1': 1.0}
1860803650 {'1': 1.0} {'1': 1.0} {'1': 1.0}
2200292590 {'1': 1.0} {'1': 1.0} {'1': 1.0}
1735226874 {'1': 1.0} {'1': 1.0} {'1': 1.0}
2365600394 {'1': 1.0} {'1': 1.0} {'1': 1.0}
2685180230 {'1': 1.0} {'1': 1.0} {'1': 1.0}
2949503903 {'1': 1.0} {'1': 1.0} {'1': 1.0}
1876037943 {'1': 1.0} {'1': 1.0} {'1': 1.0}
1611338545 {'1': 1.0} {'1': 1.0} {'1': 1.0}
2906126395 {'1': 1.0} {'1': 1.0} {'1': 1.0}
1782008280 {'1': 1.0} {'1': 1.0} {'1': 1.0}
2279228045 {'1': 1.0} {'1': 1.0} {'1': 1.0}
3229757700 {'1': 1.0} {'1': 1.0} {'1': 1.0}
2551338023 {'1': 1.0} {'1': 1.0} {'1': 1.0}
1800294004 {'1': 1.0} {'1': 1.0} {'1': 1.0}
1001892665 {'1': 1.0} {'1': 1.0} {'1': 1.0}
2812390521 {'1': 1.0} {'1': 1.0} {'1': 1.0}
1560660355 {'1': 1.0} {'1': 1.0} {'1': 1.0}
1799884251 {'1': 1.0} {'1': 1.0} {'1': 1.0}
2612335761 {'1': 1.0} {'1': 1.0} {'1': 1.0}
1878793743 {'1': 1.0} {'1': 1.0} {'1': 1.0}
2649129201 {'1': 1.0} {'1': 1.0} {'1': 1.0}
1624082274 {'1': 1.0} {'1': 1.0} {'1': 1.0}
2044199527 {'1': 1.0} {'1': 1.0} {'1': 1.0}
2076265341 {'1': 1.0} {'1': 1.0} {'1': 1.0}
2297803581 {'1': 1.0} {'1': 1.0} {'1': 1.0}
2554709357 {'1': 1.0} {'1': 1.0} {'1': 1.0}
1535077593 {'1': 1.0} {'1': 1.0} {'1': 1.0}
2217540607 {'1': 1.0} {'1': 1.0} {'1': 1.0}
1972605164 {'1': 1.0} {'1': 1.0} {'1': 1.0}
2413703793 {'1': 1.0} {'1': 1.0} {'1': 1.0}
2729418627 {'1': 1.0} {'1': 1.0} {'1': 1.0}
2301314580 {'1': 1.0} {'1': 1.0} {'1': 1.0}
1366428145 {'1': 1.0} {'1': 1.0} {'1': 1.0}
1714337942 {'1': 1.0} {'1': 1.0} {'1': 1.0}
2297114364 {'1': 1.0} {'1': 1.0} {'1': 1.0}
1993022825 {'1': 1.0} {'1': 1.0} {'1': 1.0}
2495682195 {'1': 1.0} {'1': 1.0} {'1': 1.0}
2389510393 {'1': 1.0} {'1': 1.0} {'1': 1.0}
2843910674 {'1': 1.0} {'1': 1.0} {'1': 1.0}
2406657010 {'1': 1.0} {'1': 1.0} {'1': 1.0}
1572623734 {'1': 1.0} {'1': 1.0} {'1': 1.0}
2516165743 {'1': 1.0} {'1': 1.0} {'1': 1.0}
1460250771 {'1': 1.0} {'1': 1.0} {'1': 1.0}
1904038511 {'1': 1.0} {'1': 1.0} {'1': 1.0}
2218057087 {'1': 1.0} {'1': 1.0} {'1': 1.0}
1773951174 {'1': 1.0} {'1': 1.0} {'1': 1.0}
2784335977 {'1': 1.0} {'1': 1.0} {'1': 1.0}
1481948243 {'1': 1.0} {'1': 1.0} {'1': 1.0}
1663300912 {'1': 1.0} {'1': 1.0} {'1': 1.0}
2953446684 {'1': 1.0} {'1': 1.0} {'1': 1.0}
1865949691 {'1': 1.0} {'1': 1.0} {'1': 1.0}
1404202485 {'1': 1.0} {'1': 1.0} {'1': 1.0}
1164111482 {'1': 1.0} {'1': 1.0} {'1': 1.0}
2728914857 {'1': 1.0} {'1': 1.0} {'1': 1.0}
2756929747 {'1': 1.0} {'1': 1.0} {'1': 1.0}
1109484895 {'1': 1.0} {'1': 1.0} {'1': 1.0}
2514180551 {'1': 1.0} {'1': 1.0} {'1': 1.0}
1569256345 {'1': 1.0} {'1': 1.0} {'1': 1.0}
2950812610 {'1': 1.0} {'1': 1.0} {'1': 1.0}
1009405710 {'1': 1.0} {'1': 1.0} {'1': 1.0}
1888205693 {'1': 1.0} {'1': 1.0} {'1': 1.0}
1342419151 {'1': 1.0} {'1': 1.0} {'1': 1.0}
2315869661 {'1': 1.0} {'1': 1.0} {'1': 1.0}
1700064781 {'1': 1.0} {'1': 1.0} {'1': 1.0}
2204860062 {'1': 1.0} {'1': 1.0} {'1': 1.0}
2837494161 {'1': 1.0} {'1': 1.0} {'1': 1.0}
2111484112 {'1': 1.0} {'1': 1.0} {'1': 1.0}
2129031064 {'1': 1.0} {'1': 1.0} {'1': 1.0}
1605081383 {'1': 1.0} {'1': 1.0} {'1': 1.0}
1866815023 {'1': 1.0} {'1': 1.0} {'1': 1.0}
2393915900 {'1': 1.0} {'1': 1.0} {'1': 1.0}
1029567183 {'1': 1.0} {'1': 1.0} {'1': 1.0}
1775567130 {'1': 1.0} {'1': 1.0} {'1': 1.0}
2129306131 {'1': 1.0} {'1': 1.0} {'1': 1.0}
1405433097 {'1': 1.0} {'1': 1.0} {'1': 1.0}
1689591471 {'1': 1.0} {'1': 1.0} {'1': 1.0}
1857234890 {'1': 1.0} {'1': 1.0} {'1': 1.0}
1408702461 {'1': 1.0} {'1': 1.0} {'1': 1.0}
1795193272 {'1': 1.0} {'1': 1.0} {'1': 1.0}
1826905190 {'1': 1.0} {'1': 1.0} {'1': 1.0}
2267431360 {'1': 1.0} {'1': 1.0} {'1': 1.0}
1407474453 {'1': 1.0} {'1': 1.0} {'1': 1.0}
1134820513 {'1': 1.0} {'1': 1.0} {'1': 1.0}
1806163710 {'1': 1.0} {'1': 1.0} {'1': 1.0}
1561046121 {'1': 1.0} {'1': 1.0} {'1': 1.0}
2937010802 {'1': 1.0} {'1': 1.0} {'1': 1.0}
2111661731 {'1': 1.0} {'1': 1.0} {'1': 1.0}
1015263685 {'1': 1.0} {'1': 1.0} {'1': 1.0}
1816307954 {'1': 1.0} {'1': 1.0} {'1': 1.0}
1914671373 {'1': 1.0} {'1': 1.0} {'1': 1.0}
1505179125 {'1': 1.0} {'1': 1.0} {'1': 1.0}
1370557100 {'1': 1.0} {'1': 1.0} {'1': 1.0}
1824248113 {'1': 1.0} {'1': 1.0} {'1': 1.0}
1772141970 {'1': 1.0} {'1': 1.0} {'1': 1.0}
1900879241 {'1': 1.0} {'1': 1.0} {'1': 1.0}
1268469180 {'1': 1.0} {'1': 1.0} {'1': 1.0}
2196839725 {'1': 1.0} {'1': 1.0} {'1': 1.0}
2067504207 {'1': 1.0} {'1': 1.0} {'1': 1.0}
1025063207 {'1': 1.0} {'1': 1.0} {'1': 1.0}
1887268220 {'1': 1.0} {'1': 1.0} {'1': 1.0}
1784061974 {'1': 1.0} {'1': 1.0} {'1': 1.0}
1740598922 {'1': 1.0} {'1': 1.0} {'1': 1.0}
1963699563 {'1': 1.0} {'1': 1.0} {'1': 1.0}
1973522630 {'1': 1.0} {'1': 1.0} {'1': 1.0}
1567509020 {'1': 1.0} {'1': 1.0} {'1': 1.0}
2654118001 {'1': 1.0} {'1': 1.0} {'1': 1.0}
1421074181 {'1': 1.0} {'1': 1.0} {'1': 1.0}
2707101851 {'1': 1.0} {'1': 1.0} {'1': 1.0}
1242491005 {'1': 1.0} {'1': 1.0} {'1': 1.0}
1633508920 {'1': 1.0} {'1': 1.0} {'1': 1.0}
2143180245 {'1': 1.0} {'1': 1.0} {'1': 1.0}
1935514580 {'1': 1.0} {'1': 1.0} {'1': 1.0}
2253173032 {'1': 1.0} {'1': 1.0} {'1': 1.0}
2824931453 {'1': 1.0} {'1': 1.0} {'1': 1.0}
1880700695 {'1': 1.0} {'1': 1.0} {'1': 1.0}
1807653990 {'1': 1.0} {'1': 1.0} {'1': 1.0}
1212946692 {'1': 1.0} {'1': 1.0} {'1': 1.0}
1750716655 {'1': 1.0} {'1': 1.0} {'1': 1.0}
2917973407 {'1': 1.0} {'1': 1.0} {'1': 1.0}
3213626021 {'1': 1.0} {'1': 1.0} {'1': 1.0}
1304008612 {'1': 1.0} {'1': 1.0} {'1': 1.0}
1651973355 {'1': 1.0} {'1': 1.0} {'1': 1.0}
2243002475 {'1': 1.0} {'1': 1.0} {'1': 1.0}
1434324483 {'1': 1.0} {'1': 1.0} {'1': 1.0}
2349205824 {'1': 1.0} {'1': 1.0} {'1': 1.0}
3174172605 {'1': 1.0} {'1': 1.0} {'1': 1.0}
3224357922 {'1': 1.0} {'1': 1.0} {'1': 1.0}
1082655795 {'1': 1.0} {'1': 1.0} {'1': 1.0}
1167037354 {'1': 1.0} {'1': 1.0} {'1': 1.0}
2136749667 {'1': 1.0} {'1': 1.0} {'1': 1.0}
2266014712 {'1': 1.0} {'1': 1.0} {'1': 1.0}
2715413601 {'1': 1.0} {'1': 1.0} {'1': 1.0}
2608609420 {'1': 1.0} {'1': 1.0} {'1': 1.0}
2259343132 {'1': 1.0} {'1': 1.0} {'1': 1.0}
1048098007 {'1': 1.0} {'1': 1.0} {'1': 1.0}
1221781763 {'1': 1.0} {'1': 1.0} {'1': 1.0}
1904305252 {'1': 1.0} {'1': 1.0} {'1': 1.0}
1904814771 {'1': 1.0} {'1': 1.0} {'1': 1.0}
2762276245 {'1': 1.0} {'1': 1.0} {'1': 1.0}
2659500371 {'1': 1.0} {'1': 1.0} {'1': 1.0}
2322442152 {'1': 1.0} {'1': 1.0} {'1': 1.0}
2385569543 {'1': 1.0} {'1': 1.0} {'1': 1.0}
1808485297 {'1': 1.0} {'1': 1.0} {'1': 1.0}
2260774397 {'1': 1.0} {'1': 1.0} {'1': 1.0}
1585440861 {'1': 1.0} {'1': 1.0} {'1': 1.0}
1797627874 {'1': 1.0} {'1': 1.0} {'1': 1.0}
2199734863 {'1': 1.0} {'1': 1.0} {'1': 1.0}
1760667707 {'1': 1.0} {'1': 1.0} {'1': 1.0}
1234491327 {'1': 1.0} {'1': 1.0} {'1': 1.0}
1897582007 {'1': 1.0} {'1': 1.0} {'1': 1.0}
1692776767 {'1': 1.0} {'1': 1.0} {'1': 1.0}
1592871341 {'1': 1.0} {'1': 1.0} {'1': 1.0}
1878440040 {'1': 1.0} {'1': 1.0} {'1': 1.0}
1934463567 {'1': 1.0} {'1': 1.0} {'1': 1.0}
2672797953 {'1': 1.0} {'1': 1.0} {'1': 1.0}
1673944117 {'1': 1.0} {'1': 1.0} {'1': 1.0}
2364478010 {'1': 1.0} {'1': 1.0} {'1': 1.0}
2179538061 {'1': 1.0} {'1': 1.0} {'1': 1.0}
1774190893 {'1': 1.0} {'1': 1.0} {'1': 1.0}
2402185823 {'1': 1.0} {'1': 1.0} {'1': 1.0}
1653069764 {'1': 1.0} {'1': 1.0} {'1': 1.0}
3034711345 {'1': 1.0} {'1': 1.0} {'1': 1.0}
2536098340 {'1': 1.0} {'1': 1.0} {'1': 1.0}
1878851452 {'1': 1.0} {'1': 1.0} {'1': 1.0}
2512208257 {'1': 1.0} {'1': 1.0} {'1': 1.0}
2887049881 {'1': 1.0} {'1': 1.0} {'1': 1.0}
1616059977 {'1': 1.0} {'1': 1.0} {'1': 1.0}
1574901384 {'1': 1.0} {'1': 1.0} {'1': 1.0}
2721732723 {'1': 1.0} {'1': 1.0} {'1': 1.0}
2552760570 {'1': 1.0} {'1': 1.0} {'1': 1.0}
1925146627 {'1': 1.0} {'1': 1.0} {'1': 1.0}
2206164465 {'1': 1.0} {'1': 1.0} {'1': 1.0}
1790033941 {'1': 1.0} {'1': 1.0} {'1': 1.0}
3026342787 {'1': 1.0} {'1': 1.0} {'1': 1.0}
1820484135 {'1': 1.0} {'1': 1.0} {'1': 1.0}
1260006365 {'1': 1.0} {'1': 1.0} {'1': 1.0}
1950871960 {'1': 1.0} {'1': 1.0} {'1': 1.0}
2571910710 {'1': 1.0} {'1': 1.0} {'1': 1.0}
1798117135 {'1': 1.0} {'1': 1.0} {'1': 1.0}
2646867943 {'1': 1.0} {'1': 1.0} {'1': 1.0}
2574740464 {'1': 1.0} {'1': 1.0} {'1': 1.0}
2797109895 {'1': 1.0} {'1': 1.0} {'1': 1.0}
1773843102 {'1': 1.0} {'1': 1.0} {'1': 1.0}
1320655327 {'1': 1.0} {'1': 1.0} {'1': 1.0}
1894374581 {'1': 1.0} {'1': 1.0} {'1': 1.0}
1871406923 {'1': 1.0} {'1': 1.0} {'1': 1.0}
1756626457 {'1': 1.0} {'1': 1.0} {'1': 1.0}
2775463701 {'1': 1.0} {'1': 1.0} {'1': 1.0}
1593378423 {'1': 1.0} {'1': 1.0} {'1': 1.0}
2808829835 {'1': 1.0} {'1': 1.0} {'1': 1.0}
1967887737 {'1': 1.0} {'1': 1.0} {'1': 1.0}
1628442321 {'1': 1.0} {'1': 1.0} {'1': 1.0}
1429623741 {'1': 1.0} {'1': 1.0} {'1': 1.0}
2663905674 {'1': 1.0} {'1': 1.0} {'1': 1.0}
2034927202 {'1': 1.0} {'1': 1.0} {'1': 1.0}
2880507220 {'1': 1.0} {'1': 1.0} {'1': 1.0}
2170831601 {'1': 1.0} {'1': 1.0} {'1': 1.0}
1080114825 {'1': 1.0} {'1': 1.0} {'1': 1.0}
3167612943 {'1': 1.0} {'1': 1.0} {'1': 1.0}
2399202663 {'1': 1.0} {'1': 1.0} {'1': 1.0}
3128394350 {'1': 1.0} {'1': 1.0} {'1': 1.0}
1724544161 {'1': 1.0} {'1': 1.0} {'1': 1.0}
1660210445 {'1': 1.0} {'1': 1.0} {'1': 1.0}
1744386610 {'1': 1.0} {'1': 1.0} {'1': 1.0}
1673187344 {'1': 1.0} {'1': 1.0} {'1': 1.0}
2673384233 {'1': 1.0} {'1': 1.0} {'1': 1.0}
1870635365 {'1': 1.0} {'1': 1.0} {'1': 1.0}
1662280663 {'1': 1.0} {'1': 1.0} {'1': 1.0}
2730365161 {'1': 1.0} {'1': 1.0} {'1': 1.0}
1084506095 {'1': 1.0} {'1': 1.0} {'1': 1.0}
1651488551 {'1': 1.0} {'1': 1.0} {'1': 1.0}
2796159840 {'1': 1.0} {'1': 1.0} {'1': 1.0}
2649813313 {'1': 1.0} {'1': 1.0} {'1': 1.0}
2207715463 {'1': 1.0} {'1': 1.0} {'1': 1.0}
2774544673 {'1': 1.0} {'1': 1.0} {'1': 1.0}
2481199652 {'1': 1.0} {'1': 1.0} {'1': 1.0}
1486074134 {'1': 1.0} {'1': 1.0} {'1': 1.0}
2272536082 {'1': 1.0} {'1': 1.0} {'1': 1.0}
2916863225 {'1': 1.0} {'1': 1.0} {'1': 1.0}
1850144891 {'1': 1.0} {'1': 1.0} {'1': 1.0}
2568971000 {'1': 1.0} {'1': 1.0} {'1': 1.0}
2150403197 {'1': 1.0} {'1': 1.0} {'1': 1.0}
2245469471 {'1': 1.0} {'1': 1.0} {'1': 1.0}
2421419745 {'1': 1.0} {'1': 1.0} {'1': 1.0}
1755426127 {'1': 1.0} {'1': 1.0} {'1': 1.0}
1404456230 {'1': 1.0} {'1': 1.0} {'1': 1.0}
2246515967 {'1': 1.0} {'1': 1.0} {'1': 1.0}
2713133091 {'1': 1.0} {'1': 1.0} {'1': 1.0}
1118055480 {'1': 1.0} {'1': 1.0} {'1': 1.0}
2537982900 {'1': 1.0} {'1': 1.0} {'1': 1.0}
3097085287 {'1': 1.0} {'1': 1.0} {'1': 1.0}
1449606915 {'1': 1.0} {'1': 1.0} {'1': 1.0}
2575744294 {'1': 1.0} {'1': 1.0} {'1': 1.0}
1401523087 {'1': 1.0} {'1': 1.0} {'1': 1.0}
2730975234 {'1': 1.0} {'1': 1.0} {'1': 1.0}
2205539963 {'1': 1.0} {'1': 1.0} {'1': 1.0}
2311674261 {'1': 1.0} {'1': 1.0} {'1': 1.0}
2874327040 {'1': 1.0} {'1': 1.0} {'1': 1.0}
1752290457 {'1': 1.0} {'1': 1.0} {'1': 1.0}
1736406563 {'1': 1.0} {'1': 1.0} {'1': 1.0}
1937383811 {'1': 1.0} {'1': 1.0} {'1': 1.0}
1655414147 {'1': 1.0} {'1': 1.0} {'1': 1.0}
1820236595 {'1': 1.0} {'1': 1.0} {'1': 1.0}
2651800493 {'1': 1.0} {'1': 1.0} {'1': 1.0}
1019005280 {'1': 1.0} {'1': 1.0} {'1': 1.0}
1886034342 {'1': 1.0} {'1': 1.0} {'1': 1.0}
1804520341 {'1': 1.0} {'1': 1.0} {'1': 1.0}
1752733360 {'1': 1.0} {'1': 1.0} {'1': 1.0}
2296739275 {'1': 1.0} {'1': 1.0} {'1': 1.0}
1843922833 {'1': 1.0} {'1': 1.0} {'1': 1.0}
2204256991 {'1': 1.0} {'1': 1.0} {'1': 1.0}
1409881495 {'1': 1.0} {'1': 1.0} {'1': 1.0}
1095437187 {'1': 1.0} {'1': 1.0} {'1': 1.0}
2559416394 {'1': 1.0} {'1': 1.0} {'1': 1.0}
2304435725 {'1': 1.0} {'1': 1.0} {'1': 1.0}
1065688531 {'1': 1.0} {'1': 1.0} {'1': 1.0}
2023594013 {'1': 1.0} {'1': 1.0} {'1': 1.0}
2775508144 {'1': 1.0} {'1': 1.0} {'1': 1.0}
1424276064 {'1': 1.0} {'1': 1.0} {'1': 1.0}
2679186413 {'1': 1.0} {'1': 1.0} {'1': 1.0}
2687465613 {'1': 1.0} {'1': 1.0} {'1': 1.0}
1802948731 {'1': 1.0} {'1': 1.0} {'1': 1.0}
1557967392 {'1': 1.0} {'1': 1.0} {'1': 1.0}
2509960752 {'1': 1.0} {'1': 1.0} {'1': 1.0}
1943505472 {'1': 1.0} {'1': 1.0} {'1': 1.0}
2470248470 {'1': 1.0} {'1': 1.0} {'1': 1.0}
2044888381 {'1': 1.0} {'1': 1.0} {'1': 1.0}
2175545804 {'1': 1.0} {'1': 1.0} {'1': 1.0}
1646471105 {'1': 1.0} {'1': 1.0} {'1': 1.0}
1785587103 {'1': 1.0} {'1': 1.0} {'1': 1.0}
1797199785 {'1': 1.0} {'1': 1.0} {'1': 1.0}
2836264830 {'1': 1.0} {'1': 1.0} {'1': 1.0}
1717632821 {'1': 1.0} {'1': 1.0} {'1': 1.0}
1659428667 {'1': 1.0} {'1': 1.0} {'1': 1.0}
1706776895 {'1': 1.0} {'1': 1.0} {'1': 1.0}
2168566477 {'1': 1.0} {'1': 1.0} {'1': 1.0}
2533956354 {'1': 1.0} {'1': 1.0} {'1': 1.0}
1400098041 {'1': 1.0} {'1': 1.0} {'1': 1.0}
1903728693 {'1': 1.0} {'1': 1.0} {'1': 1.0}
2942593560 {'1': 1.0} {'1': 1.0} {'1': 1.0}
2207933493 {'1': 1.0} {'1': 1.0} {'1': 1.0}
1683667735 {'1': 1.0} {'1': 1.0} {'1': 1.0}
2628035477 {'1': 1.0} {'1': 1.0} {'1': 1.0}
3157572164 {'1': 1.0} {'1': 1.0} {'1': 1.0}
2731951453 {'1': 1.0} {'1': 1.0} {'1': 1.0}
1946409491 {'1': 1.0} {'1': 1.0} {'1': 1.0}
1772111777 {'1': 1.0} {'1': 1.0} {'1': 1.0}
1843716802 {'1': 1.0} {'1': 1.0} {'1': 1.0}
2203523972 {'1': 1.0} {'1': 1.0} {'1': 1.0}
1233062934 {'1': 1.0} {'1': 1.0} {'1': 1.0}
2653820573 {'1': 1.0} {'1': 1.0} {'1': 1.0}
2692287963 {'1': 1.0} {'1': 1.0} {'1': 1.0}
1026095792 {'1': 1.0} {'1': 1.0} {'1': 1.0}
1849260573 {'1': 1.0} {'1': 1.0} {'1': 1.0}
2495734205 {'1': 1.0} {'1': 1.0} {'1': 1.0}
1028859911 {'1': 1.0} {'1': 1.0} {'1': 1.0}
2078548831 {'1': 1.0} {'1': 1.0} {'1': 1.0}
2514531174 {'1': 1.0} {'1': 1.0} {'1': 1.0}
1792016624 {'1': 1.0} {'1': 1.0} {'1': 1.0}
1752852412 {'1': 1.0} {'1': 1.0} {'1': 1.0}
2357485157 {'1': 1.0} {'1': 1.0} {'1': 1.0}
1066932501 {'1': 1.0} {'1': 1.0} {'1': 1.0}
1891915553 {'1': 1.0} {'1': 1.0} {'1': 1.0}
2474132495 {'1': 1.0} {'1': 1.0} {'1': 1.0}
2657751393 {'1': 1.0} {'1': 1.0} {'1': 1.0}
1897650370 {'1': 1.0} {'1': 1.0} {'1': 1.0}
2980153113 {'1': 1.0} {'1': 1.0} {'1': 1.0}
1860987250 {'1': 1.0} {'1': 1.0} {'1': 1.0}
2329669855 {'1': 1.0} {'1': 1.0} {'1': 1.0}
1879087757 {'1': 1.0} {'1': 1.0} {'1': 1.0}
1704625624 {'1': 1.0} {'1': 1.0} {'1': 1.0}
1744381441 {'1': 1.0} {'1': 1.0} {'1': 1.0}
1832899381 {'1': 1.0} {'1': 1.0} {'1': 1.0}
2389228500 {'1': 1.0} {'1': 1.0} {'1': 1.0}
2342095465 {'1': 1.0} {'1': 1.0} {'1': 1.0}
2748509940 {'1': 1.0} {'1': 1.0} {'1': 1.0}
1799512957 {'1': 1.0} {'1': 1.0} {'1': 1.0}
1088886173 {'1': 1.0} {'1': 1.0} {'1': 1.0}
1745330403 {'1': 1.0} {'1': 1.0} {'1': 1.0}
2498081120 {'1': 1.0} {'1': 1.0} {'1': 1.0}
2132934821 {'1': 1.0} {'1': 1.0} {'1': 1.0}
1801233885 {'1': 1.0} {'1': 1.0} {'1': 1.0}
1605624980 {'1': 1.0} {'1': 1.0} {'1': 1.0}
2469037041 {'1': 1.0} {'1': 1.0} {'1': 1.0}
2674550855 {'1': 1.0} {'1': 1.0} {'1': 1.0}
2683110630 {'1': 1.0} {'1': 1.0} {'1': 1.0}
1891247401 {'1': 1.0} {'1': 1.0} {'1': 1.0}
1960665785 {'1': 1.0} {'1': 1.0} {'1': 1.0}
1851396492 {'1': 1.0} {'1': 1.0} {'1': 1.0}
1914623354 {'1': 1.0} {'1': 1.0} {'1': 1.0}
2270865927 {'1': 1.0} {'1': 1.0} {'1': 1.0}
1227161661 {'1': 1.0} {'1': 1.0} {'1': 1.0}
3119956507 {'1': 1.0} {'1': 1.0} {'1': 1.0}
2498753683 {'1': 1.0} {'1': 1.0} {'1': 1.0}
1590802710 {'1': 1.0} {'1': 1.0} {'1': 1.0}
1436900913 {'1': 1.0} {'1': 1.0} {'1': 1.0}
1550899934 {'1': 1.0} {'1': 1.0} {'1': 1.0}
2000394201 {'1': 1.0} {'1': 1.0} {'1': 1.0}
2365920504 {'1': 1.0} {'1': 1.0} {'1': 1.0}
2569678470 {'1': 1.0} {'1': 1.0} {'1': 1.0}
1304289710 {'1': 1.0} {'1': 1.0} {'1': 1.0}
1713092171 {'1': 1.0} {'1': 1.0} {'1': 1.0}
1842726523 {'1': 1.0} {'1': 1.0} {'1': 1.0}
2610104953 {'1': 1.0} {'1': 1.0} {'1': 1.0}
1789005393 {'1': 1.0} {'1': 1.0} {'1': 1.0}
2785613607 {'1': 1.0} {'1': 1.0} {'1': 1.0}
2403191563 {'1': 1.0} {'1': 1.0} {'1': 1.0}
2479928974 {'1': 1.0} {'1': 1.0} {'1': 1.0}
1784018553 {'1': 1.0} {'1': 1.0} {'1': 1.0}
1973014840 {'1': 1.0} {'1': 1.0} {'1': 1.0}
1213059394 {'1': 1.0} {'1': 1.0} {'1': 1.0}
2315856221 {'1': 1.0} {'1': 1.0} {'1': 1.0}
2276936790 {'1': 1.0} {'1': 1.0} {'1': 1.0}
2352007324 {'1': 1.0} {'1': 1.0} {'1': 1.0}
1629527643 {'1': 1.0} {'1': 1.0} {'1': 1.0}
2321552464 {'1': 1.0} {'1': 1.0} {'1': 1.0}
2108129674 {'1': 1.0} {'1': 1.0} {'1': 1.0}
2646875691 {'1': 1.0} {'1': 1.0} {'1': 1.0}
3048327977 {'1': 1.0} {'1': 1.0} {'1': 1.0}
1862475864 {'1': 1.0} {'1': 1.0} {'1': 1.0}
2341976130 {'1': 1.0} {'1': 1.0} {'1': 1.0}
2105814823 {'1': 1.0} {'1': 1.0} {'1': 1.0}
1800519605 {'1': 1.0} {'1': 1.0} {'1': 1.0}
1169098837 {'1': 1.0} {'1': 1.0} {'1': 1.0}
1136170060 {'1': 1.0} {'1': 1.0} {'1': 1.0}
3326228160 {'1': 1.0} {'1': 1.0} {'1': 1.0}
1764080752 {'1': 1.0} {'1': 1.0} {'1': 1.0}
2095465651 {'1': 1.0} {'1': 1.0} {'1': 1.0}
1493010220 {'1': 1.0} {'1': 1.0} {'1': 1.0}
2402424174 {'1': 1.0} {'1': 1.0} {'1': 1.0}
1967671357 {'1': 1.0} {'1': 1.0} {'1': 1.0}
1364701794 {'1': 1.0} {'1': 1.0} {'1': 1.0}
2097517903 {'1': 1.0} {'1': 1.0} {'1': 1.0}
1593031370 {'1': 1.0} {'1': 1.0} {'1': 1.0}
1430378363 {'1': 1.0} {'1': 1.0} {'1': 1.0}
1210848117 {'1': 1.0} {'1': 1.0} {'1': 1.0}
1947027313 {'1': 1.0} {'1': 1.0} {'1': 1.0}
2755816213 {'1': 1.0} {'1': 1.0} {'1': 1.0}
2535483060 {'1': 1.0} {'1': 1.0} {'1': 1.0}
1175975417 {'1': 1.0} {'1': 1.0} {'1': 1.0}
2790939911 {'1': 1.0} {'1': 1.0} {'1': 1.0}
1700614303 {'1': 1.0} {'1': 1.0} {'1': 1.0}
2511741151 {'1': 1.0} {'1': 1.0} {'1': 1.0}
1743412267 {'1': 1.0} {'1': 1.0} {'1': 1.0}
2503108623 {'1': 1.0} {'1': 1.0} {'1': 1.0}
2430931812 {'1': 1.0} {'1': 1.0} {'1': 1.0}
2330267567 {'1': 1.0} {'1': 1.0} {'1': 1.0}
2307885497 {'1': 1.0} {'1': 1.0} {'1': 1.0}
2362724291 {'1': 1.0} {'1': 1.0} {'1': 1.0}
2180426925 {'1': 1.0} {'1': 1.0} {'1': 1.0}
1534678555 {'1': 1.0} {'1': 1.0} {'1': 1.0}
1695433181 {'1': 1.0} {'1': 1.0} {'1': 1.0}
1828420187 {'1': 1.0} {'1': 1.0} {'1': 1.0}
2549565421 {'1': 1.0} {'1': 1.0} {'1': 1.0}
1925151324 {'1': 1.0} {'1': 1.0} {'1': 1.0}
2425601050 {'1': 1.0} {'1': 1.0} {'1': 1.0}
2506153190 {'1': 1.0} {'1': 1.0} {'1': 1.0}
3055965743 {'1': 1.0} {'1': 1.0} {'1': 1.0}
1871754191 {'1': 1.0} {'1': 1.0} {'1': 1.0}
1763363811 {'1': 1.0} {'1': 1.0} {'1': 1.0}
2448626895 {'1': 1.0} {'1': 1.0} {'1': 1.0}
1846218985 {'1': 1.0} {'1': 1.0} {'1': 1.0}
1826665131 {'1': 1.0} {'1': 1.0} {'1': 1.0}
1146484450 {'1': 1.0} {'1': 1.0} {'1': 1.0}
1149747961 {'1': 1.0} {'1': 1.0} {'1': 1.0}
2645184491 {'1': 1.0} {'1': 1.0} {'1': 1.0}
36407257 {'1': 1.0} {'1': 1.0} {'1': 1.0}
1365101213 {'1': 1.0} {'1': 1.0} {'1': 1.0}
2390109473 {'1': 1.0} {'1': 1.0} {'1': 1.0}
1750376753 {'1': 1.0} {'1': 1.0} {'1': 1.0}
3179054941 {'1': 1.0} {'1': 1.0} {'1': 1.0}
2689914600 {'1': 1.0} {'1': 1.0} {'1': 1.0}
1044975222 {'1': 1.0} {'1': 1.0} {'1': 1.0}
1450412282 {'1': 1.0} {'1': 1.0} {'1': 1.0}
1580128530 {'1': 1.0} {'1': 1.0} {'1': 1.0}
1309029131 {'1': 1.0} {'1': 1.0} {'1': 1.0}
1596636453 {'1': 1.0} {'1': 1.0} {'1': 1.0}
2464330850 {'1': 1.0} {'1': 1.0} {'1': 1.0}
1268934587 {'1': 1.0} {'1': 1.0} {'1': 1.0}
1569185307 {'1': 1.0} {'1': 1.0} {'1': 1.0}
1062187237 {'1': 1.0} {'1': 1.0} {'1': 1.0}
2078579195 {'1': 1.0} {'1': 1.0} {'1': 1.0}
2466258235 {'1': 1.0} {'1': 1.0} {'1': 1.0}
1364805843 {'1': 1.0} {'1': 1.0} {'1': 1.0}
1825381655 {'1': 1.0} {'1': 1.0} {'1': 1.0}
2232523170 {'1': 1.0} {'1': 1.0} {'1': 1.0}
3035813681 {'1': 1.0} {'1': 1.0} {'1': 1.0}
2607707213 {'1': 1.0} {'1': 1.0} {'1': 1.0}
1916042452 {'1': 1.0} {'1': 1.0} {'1': 1.0}
1857041743 {'1': 1.0} {'1': 1.0} {'1': 1.0}
2056071057 {'1': 1.0} {'1': 1.0} {'1': 1.0}
1791444517 {'1': 1.0} {'1': 1.0} {'1': 1.0}
1884495395 {'1': 1.0} {'1': 1.0} {'1': 1.0}
2312636217 {'1': 1.0} {'1': 1.0} {'1': 1.0}
2218616427 {'1': 1.0} {'1': 1.0} {'1': 1.0}
1154126064 {'1': 1.0} {'1': 1.0} {'1': 1.0}
2623980461 {'1': 1.0} {'1': 1.0} {'1': 1.0}
2890979751 {'1': 1.0} {'1': 1.0} {'1': 1.0}
2089771773 {'1': 1.0} {'1': 1.0} {'1': 1.0}
2862246822 {'1': 1.0} {'1': 1.0} {'1': 1.0}
2627584383 {'1': 1.0} {'1': 1.0} {'1': 1.0}
2814752397 {'1': 1.0} {'1': 1.0} {'1': 1.0}
1423034570 {'1': 1.0} {'1': 1.0} {'1': 1.0}
2657063365 {'1': 1.0} {'1': 1.0} {'1': 1.0}
1714865565 {'1': 1.0} {'1': 1.0} {'1': 1.0}
1875148707 {'1': 1.0} {'1': 1.0} {'1': 1.0}
1692258297 {'1': 1.0} {'1': 1.0} {'1': 1.0}
2417203125 {'1': 1.0} {'1': 1.0} {'1': 1.0}
1614402044 {'1': 1.0} {'1': 1.0} {'1': 1.0}
1561900137 {'1': 1.0} {'1': 1.0} {'1': 1.0}
2383970027 {'1': 1.0} {'1': 1.0} {'1': 1.0}
2427050891 {'1': 1.0} {'1': 1.0} {'1': 1.0}
2439750825 {'1': 1.0} {'1': 1.0} {'1': 1.0}
1763496702 {'1': 1.0} {'1': 1.0} {'1': 1.0}
1044789120 {'1': 1.0} {'1': 1.0} {'1': 1.0}
2354090415 {'1': 1.0} {'1': 1.0} {'1': 1.0}
3025804590 {'1': 1.0} {'1': 1.0} {'1': 1.0}
1726344282 {'1': 1.0} {'1': 1.0} {'1': 1.0}
2543873633 {'1': 1.0} {'1': 1.0} {'1': 1.0}
1764881420 {'1': 1.0} {'1': 1.0} {'1': 1.0}
1301117945 {'1': 1.0} {'1': 1.0} {'1': 1.0}
2403308005 {'1': 1.0} {'1': 1.0} {'1': 1.0}
1731170451 {'1': 1.0} {'1': 1.0} {'1': 1.0}
2619846483 {'1': 1.0} {'1': 1.0} {'1': 1.0}
2958870623 {'1': 1.0} {'1': 1.0} {'1': 1.0}
1199256374 {'1': 1.0} {'1': 1.0} {'1': 1.0}
1781880382 {'1': 1.0} {'1': 1.0} {'1': 1.0}
2294953760 {'1': 1.0} {'1': 1.0} {'1': 1.0}
1010554831 {'1': 1.0} {'1': 1.0} {'1': 1.0}
2387418905 {'1': 1.0} {'1': 1.0} {'1': 1.0}
1909699087 {'1': 1.0} {'1': 1.0} {'1': 1.0}
1658591610 {'1': 1.0} {'1': 1.0} {'1': 1.0}
2458572521 {'1': 1.0} {'1': 1.0} {'1': 1.0}
2818723755 {'1': 1.0} {'1': 1.0} {'1': 1.0}
1891743844 {'1': 1.0} {'1': 1.0} {'1': 1.0}
2473387097 {'1': 1.0} {'1': 1.0} {'1': 1.0}
1704281311 {'1': 1.0} {'1': 1.0} {'1': 1.0}
1406188225 {'1': 1.0} {'1': 1.0} {'1': 1.0}
2805382354 {'1': 1.0} {'1': 1.0} {'1': 1.0}
2709086545 {'1': 1.0} {'1': 1.0} {'1': 1.0}
1690401877 {'1': 1.0} {'1': 1.0} {'1': 1.0}
1046207772 {'1': 1.0} {'1': 1.0} {'1': 1.0}
1785976792 {'1': 1.0} {'1': 1.0} {'1': 1.0}
1238040702 {'1': 1.0} {'1': 1.0} {'1': 1.0}
1827147222 {'1': 1.0} {'1': 1.0} {'1': 1.0}
2468328091 {'1': 1.0} {'1': 1.0} {'1': 1.0}
2390705023 {'1': 1.0} {'1': 1.0} {'1': 1.0}
3058571533 {'1': 1.0} {'1': 1.0} {'1': 1.0}
2552029717 {'1': 1.0} {'1': 1.0} {'1': 1.0}
2532683722 {'1': 1.0} {'1': 1.0} {'1': 1.0}
3149831080 {'1': 1.0} {'1': 1.0} {'1': 1.0}
2625997121 {'1': 1.0} {'1': 1.0} {'1': 1.0}
2275533953 {'1': 1.0} {'1': 1.0} {'1': 1.0}
1656282495 {'1': 1.0} {'1': 1.0} {'1': 1.0}
1917435964 {'1': 1.0} {'1': 1.0} {'1': 1.0}
3227714251 {'1': 1.0} {'1': 1.0} {'1': 1.0}
3257411590 {'1': 1.0} {'1': 1.0} {'1': 1.0}
1784030403 {'1': 1.0} {'1': 1.0} {'1': 1.0}
1358649320 {'1': 1.0} {'1': 1.0} {'1': 1.0}
1739146054 {'1': 1.0} {'1': 1.0} {'1': 1.0}
1675246960 {'1': 1.0} {'1': 1.0} {'1': 1.0}
2308722964 {'1': 1.0} {'1': 1.0} {'1': 1.0}
1557895317 {'1': 1.0} {'1': 1.0} {'1': 1.0}
1682460452 {'1': 1.0} {'1': 1.0} {'1': 1.0}
2481315687 {'1': 1.0} {'1': 1.0} {'1': 1.0}
2640716583 {'1': 1.0} {'1': 1.0} {'1': 1.0}
1612287434 {'1': 1.0} {'1': 1.0} {'1': 1.0}
2675142680 {'1': 1.0} {'1': 1.0} {'1': 1.0}
85881888 {'1': 1.0} {'1': 1.0} {'1': 1.0}
1752233173 {'1': 1.0} {'1': 1.0} {'1': 1.0}
2734091603 {'1': 1.0} {'1': 1.0} {'1': 1.0}
2494987704 {'1': 1.0} {'1': 1.0} {'1': 1.0}
1973512993 {'1': 1.0} {'1': 1.0} {'1': 1.0}
2506218074 {'1': 1.0} {'1': 1.0} {'1': 1.0}
1758661611 {'1': 1.0} {'1': 1.0} {'1': 1.0}
1746852880 {'1': 1.0} {'1': 1.0} {'1': 1.0}
2638910501 {'1': 1.0} {'1': 1.0} {'1': 1.0}
1767371980 {'1': 1.0} {'1': 1.0} {'1': 1.0}
2320811580 {'1': 1.0} {'1': 1.0} {'1': 1.0}
1298970841 {'1': 1.0} {'1': 1.0} {'1': 1.0}
1831298060 {'1': 1.0} {'1': 1.0} {'1': 1.0}
2432310462 {'1': 1.0} {'1': 1.0} {'1': 1.0}
2623574883 {'1': 1.0} {'1': 1.0} {'1': 1.0}
2234021232 {'1': 1.0} {'1': 1.0} {'1': 1.0}
1678907992 {'1': 1.0} {'1': 1.0} {'1': 1.0}
3172058193 {'1': 1.0} {'1': 1.0} {'1': 1.0}
2785823930 {'1': 1.0} {'1': 1.0} {'1': 1.0}
3204864835 {'1': 1.0} {'1': 1.0} {'1': 1.0}
2219067353 {'1': 1.0} {'1': 1.0} {'1': 1.0}
1828697902 {'1': 1.0} {'1': 1.0} {'1': 1.0}
2619690422 {'1': 1.0} {'1': 1.0} {'1': 1.0}
1259167387 {'1': 1.0} {'1': 1.0} {'1': 1.0}
3151326384 {'1': 1.0} {'1': 1.0} {'1': 1.0}
1749053427 {'1': 1.0} {'1': 1.0} {'1': 1.0}
2425164107 {'1': 1.0} {'1': 1.0} {'1': 1.0}
2092347012 {'1': 1.0} {'1': 1.0} {'1': 1.0}
1802472897 {'1': 1.0} {'1': 1.0} {'1': 1.0}
2694884904 {'1': 1.0} {'1': 1.0} {'1': 1.0}
1443204235 {'1': 1.0} {'1': 1.0} {'1': 1.0}
1240974840 {'1': 1.0} {'1': 1.0} {'1': 1.0}
2844198345 {'1': 1.0} {'1': 1.0} {'1': 1.0}
1789444791 {'1': 1.0} {'1': 1.0} {'1': 1.0}
2213944521 {'1': 1.0} {'1': 1.0} {'1': 1.0}
3095141557 {'1': 1.0} {'1': 1.0} {'1': 1.0}
1972433407 {'1': 1.0} {'1': 1.0} {'1': 1.0}
2480598637 {'1': 1.0} {'1': 1.0} {'1': 1.0}
2230527324 {'1': 1.0} {'1': 1.0} {'1': 1.0}
3098170705 {'1': 1.0} {'1': 1.0} {'1': 1.0}
2657448531 {'1': 1.0} {'1': 1.0} {'1': 1.0}
1740311633 {'1': 1.0} {'1': 1.0} {'1': 1.0}
2369014062 {'1': 1.0} {'1': 1.0} {'1': 1.0}
1915584425 {'1': 1.0} {'1': 1.0} {'1': 1.0}
2612653585 {'1': 1.0} {'1': 1.0} {'1': 1.0}
2265428800 {'1': 1.0} {'1': 1.0} {'1': 1.0}
1819635277 {'1': 1.0} {'1': 1.0} {'1': 1.0}
1685341002 {'1': 1.0} {'1': 1.0} {'1': 1.0}
1164940481 {'1': 1.0} {'1': 1.0} {'1': 1.0}
1890949337 {'1': 1.0} {'1': 1.0} {'1': 1.0}
1887327501 {'1': 1.0} {'1': 1.0} {'1': 1.0}
2682210294 {'1': 1.0} {'1': 1.0} {'1': 1.0}
2236409380 {'1': 1.0} {'1': 1.0} {'1': 1.0}
1971409513 {'1': 1.0} {'1': 1.0} {'1': 1.0}
1421405587 {'1': 1.0} {'1': 1.0} {'1': 1.0}
2496553681 {'1': 1.0} {'1': 1.0} {'1': 1.0}
2718733481 {'1': 1.0} {'1': 1.0} {'1': 1.0}
1361696035 {'1': 1.0} {'1': 1.0} {'1': 1.0}
1928671575 {'1': 1.0} {'1': 1.0} {'1': 1.0}
1837762923 {'1': 1.0} {'1': 1.0} {'1': 1.0}
2709303095 {'1': 1.0} {'1': 1.0} {'1': 1.0}
1194080941 {'1': 1.0} {'1': 1.0} {'1': 1.0}
1409918880 {'1': 1.0} {'1': 1.0} {'1': 1.0}
2211353587 {'1': 1.0} {'1': 1.0} {'1': 1.0}
1669200370 {'1': 1.0} {'1': 1.0} {'1': 1.0}
2445334671 {'1': 1.0} {'1': 1.0} {'1': 1.0}
2189696744 {'1': 1.0} {'1': 1.0} {'1': 1.0}
1752148461 {'1': 1.0} {'1': 1.0} {'1': 1.0}
1978099591 {'1': 1.0} {'1': 1.0} {'1': 1.0}
2263255282 {'1': 1.0} {'1': 1.0} {'1': 1.0}
3161859491 {'1': 1.0} {'1': 1.0} {'1': 1.0}
2627791984 {'1': 1.0} {'1': 1.0} {'1': 1.0}
2565350770 {'1': 1.0} {'1': 1.0} {'1': 1.0}
2640694584 {'1': 1.0} {'1': 1.0} {'1': 1.0}
2432989725 {'1': 1.0} {'1': 1.0} {'1': 1.0}
2403392314 {'1': 1.0} {'1': 1.0} {'1': 1.0}
1513572131 {'1': 1.0} {'1': 1.0} {'1': 1.0}
2207701842 {'1': 1.0} {'1': 1.0} {'1': 1.0}
1686377400 {'1': 1.0} {'1': 1.0} {'1': 1.0}
2830769462 {'1': 1.0} {'1': 1.0} {'1': 1.0}
1579045253 {'1': 1.0} {'1': 1.0} {'1': 1.0}
2871952890 {'1': 1.0} {'1': 1.0} {'1': 1.0}
1816298595 {'1': 1.0} {'1': 1.0} {'1': 1.0}
2772641082 {'1': 1.0} {'1': 1.0} {'1': 1.0}
2806781512 {'1': 1.0} {'1': 1.0} {'1': 1.0}
2810748791 {'1': 1.0} {'1': 1.0} {'1': 1.0}
1888723111 {'1': 1.0} {'1': 1.0} {'1': 1.0}
1837464592 {'1': 1.0} {'1': 1.0} {'1': 1.0}
1989653225 {'1': 1.0} {'1': 1.0} {'1': 1.0}
2852809432 {'1': 1.0} {'1': 1.0} {'1': 1.0}
1875218733 {'1': 1.0} {'1': 1.0} {'1': 1.0}
1202178165 {'1': 1.0} {'1': 1.0} {'1': 1.0}
3154972237 {'1': 1.0} {'1': 1.0} {'1': 1.0}
1351012322 {'1': 1.0} {'1': 1.0} {'1': 1.0}
1868708977 {'1': 1.0} {'1': 1.0} {'1': 1.0}
1444566615 {'1': 1.0} {'1': 1.0} {'1': 1.0}
2817880744 {'1': 1.0} {'1': 1.0} {'1': 1.0}
2643917822 {'1': 1.0} {'1': 1.0} {'1': 1.0}
1680592964 {'1': 1.0} {'1': 1.0} {'1': 1.0}
1359530197 {'1': 1.0} {'1': 1.0} {'1': 1.0}
1577671492 {'1': 1.0} {'1': 1.0} {'1': 1.0}
1821796503 {'1': 1.0} {'1': 1.0} {'1': 1.0}
1130358012 {'1': 1.0} {'1': 1.0} {'1': 1.0}
2113154687 {'1': 1.0} {'1': 1.0} {'1': 1.0}
2103990263 {'1': 1.0} {'1': 1.0} {'1': 1.0}
1974837285 {'1': 1.0} {'1': 1.0} {'1': 1.0}
2724817811 {'1': 1.0} {'1': 1.0} {'1': 1.0}
2117364942 {'1': 1.0} {'1': 1.0} {'1': 1.0}
2369844762 {'1': 1.0} {'1': 1.0} {'1': 1.0}
1847867845 {'1': 1.0} {'1': 1.0} {'1': 1.0}
1847422905 {'1': 1.0} {'1': 1.0} {'1': 1.0}
2614249263 {'1': 1.0} {'1': 1.0} {'1': 1.0}
2521942483 {'1': 1.0} {'1': 1.0} {'1': 1.0}
1713394543 {'1': 1.0} {'1': 1.0} {'1': 1.0}
1401422865 {'1': 1.0} {'1': 1.0} {'1': 1.0}
3152717312 {'1': 1.0} {'1': 1.0} {'1': 1.0}
1361329393 {'1': 1.0} {'1': 1.0} {'1': 1.0}
1371884474 {'1': 1.0} {'1': 1.0} {'1': 1.0}
1652049090 {'1': 1.0} {'1': 1.0} {'1': 1.0}
1998447080 {'1': 1.0} {'1': 1.0} {'1': 1.0}
2208003731 {'1': 1.0} {'1': 1.0} {'1': 1.0}
2354397934 {'1': 1.0} {'1': 1.0} {'1': 1.0}
2336791927 {'1': 1.0} {'1': 1.0} {'1': 1.0}
1947767835 {'1': 1.0} {'1': 1.0} {'1': 1.0}
1941342295 {'1': 1.0} {'1': 1.0} {'1': 1.0}
1889150792 {'1': 1.0} {'1': 1.0} {'1': 1.0}
1906817425 {'1': 1.0} {'1': 1.0} {'1': 1.0}
1143190977 {'1': 1.0} {'1': 1.0} {'1': 1.0}
2683635891 {'1': 1.0} {'1': 1.0} {'1': 1.0}
1613017723 {'1': 1.0} {'1': 1.0} {'1': 1.0}
1664408277 {'1': 1.0} {'1': 1.0} {'1': 1.0}
1862622922 {'1': 1.0} {'1': 1.0} {'1': 1.0}
2502529240 {'1': 1.0} {'1': 1.0} {'1': 1.0}
2524010904 {'1': 1.0} {'1': 1.0} {'1': 1.0}
2636791800 {'1': 1.0} {'1': 1.0} {'1': 1.0}
1747643243 {'1': 1.0} {'1': 1.0} {'1': 1.0}
3182814772 {'1': 1.0} {'1': 1.0} {'1': 1.0}
1992928272 {'1': 1.0} {'1': 1.0} {'1': 1.0}
2707920864 {'1': 1.0} {'1': 1.0} {'1': 1.0}
2264428271 {'1': 1.0} {'1': 1.0} {'1': 1.0}
2273421952 {'1': 1.0} {'1': 1.0} {'1': 1.0}
2567323907 {'1': 1.0} {'1': 1.0} {'1': 1.0}
2096395595 {'1': 1.0} {'1': 1.0} {'1': 1.0}
2952006923 {'1': 1.0} {'1': 1.0} {'1': 1.0}
1827764573 {'1': 1.0} {'1': 1.0} {'1': 1.0}
1791371703 {'1': 1.0} {'1': 1.0} {'1': 1.0}
1069505673 {'1': 1.0} {'1': 1.0} {'1': 1.0}
2638269701 {'1': 1.0} {'1': 1.0} {'1': 1.0}
2896416914 {'1': 1.0} {'1': 1.0} {'1': 1.0}
2501855701 {'1': 1.0} {'1': 1.0} {'1': 1.0}
3164023035 {'1': 1.0} {'1': 1.0} {'1': 1.0}
2913981407 {'1': 1.0} {'1': 1.0} {'1': 1.0}
2322899875 {'1': 1.0} {'1': 1.0} {'1': 1.0}
1827511317 {'1': 1.0} {'1': 1.0} {'1': 1.0}
2714678121 {'1': 1.0} {'1': 1.0} {'1': 1.0}
2160812927 {'1': 1.0} {'1': 1.0} {'1': 1.0}
2742261533 {'1': 1.0} {'1': 1.0} {'1': 1.0}
2973026154 {'1': 1.0} {'1': 1.0} {'1': 1.0}
1676417930 {'1': 1.0} {'1': 1.0} {'1': 1.0}
2706812181 {'1': 1.0} {'1': 1.0} {'1': 1.0}
1262724831 {'1': 1.0} {'1': 1.0} {'1': 1.0}
2427920275 {'1': 1.0} {'1': 1.0} {'1': 1.0}
1228476524 {'1': 1.0} {'1': 1.0} {'1': 1.0}
1874412275 {'1': 1.0} {'1': 1.0} {'1': 1.0}
3091740701 {'1': 1.0} {'1': 1.0} {'1': 1.0}
1881395903 {'1': 1.0} {'1': 1.0} {'1': 1.0}
1728987674 {'1': 1.0} {'1': 1.0} {'1': 1.0}
2695911600 {'1': 1.0} {'1': 1.0} {'1': 1.0}
3165880660 {'1': 1.0} {'1': 1.0} {'1': 1.0}
1081772631 {'1': 1.0} {'1': 1.0} {'1': 1.0}
3098514301 {'1': 1.0} {'1': 1.0} {'1': 1.0}
3341215330 {'1': 1.0} {'1': 1.0} {'1': 1.0}
2338924007 {'1': 1.0} {'1': 1.0} {'1': 1.0}
2630267160 {'1': 1.0} {'1': 1.0} {'1': 1.0}
2336200461 {'1': 1.0} {'1': 1.0} {'1': 1.0}
1805130100 {'1': 1.0} {'1': 1.0} {'1': 1.0}
1337381531 {'1': 1.0} {'1': 1.0} {'1': 1.0}
1631057950 {'1': 1.0} {'1': 1.0} {'1': 1.0}
1817067173 {'1': 1.0} {'1': 1.0} {'1': 1.0}
2013966904 {'1': 1.0} {'1': 1.0} {'1': 1.0}
3202558514 {'1': 1.0} {'1': 1.0} {'1': 1.0}
2411295121 {'1': 1.0} {'1': 1.0} {'1': 1.0}
2790414212 {'1': 1.0} {'1': 1.0} {'1': 1.0}
2137876737 {'1': 1.0} {'1': 1.0} {'1': 1.0}
2339192905 {'1': 1.0} {'1': 1.0} {'1': 1.0}
2716925725 {'1': 1.0} {'1': 1.0} {'1': 1.0}
3192180342 {'1': 1.0} {'1': 1.0} {'1': 1.0}
2680044593 {'1': 1.0} {'1': 1.0} {'1': 1.0}
1783119060 {'1': 1.0} {'1': 1.0} {'1': 1.0}
1439276102 {'1': 1.0} {'1': 1.0} {'1': 1.0}
1906733225 {'1': 1.0} {'1': 1.0} {'1': 1.0}
1763552992 {'1': 1.0} {'1': 1.0} {'1': 1.0}
2210375590 {'1': 1.0} {'1': 1.0} {'1': 1.0}
2718526513 {'1': 1.0} {'1': 1.0} {'1': 1.0}
1707881443 {'1': 1.0} {'1': 1.0} {'1': 1.0}
1655219125 {'1': 1.0} {'1': 1.0} {'1': 1.0}
2903477913 {'1': 1.0} {'1': 1.0} {'1': 1.0}
2140399895 {'1': 1.0} {'1': 1.0} {'1': 1.0}
2644828083 {'1': 1.0} {'1': 1.0} {'1': 1.0}
2832828650 {'1': 1.0} {'1': 1.0} {'1': 1.0}
2017344461 {'1': 1.0} {'1': 1.0} {'1': 1.0}
2448082602 {'1': 1.0} {'1': 1.0} {'1': 1.0}
1741487741 {'1': 1.0} {'1': 1.0} {'1': 1.0}
1757386721 {'1': 1.0} {'1': 1.0} {'1': 1.0}
2675833701 {'1': 1.0} {'1': 1.0} {'1': 1.0}
1912602662 {'1': 1.0} {'1': 1.0} {'1': 1.0}
1372510681 {'1': 1.0} {'1': 1.0} {'1': 1.0}
3124455753 {'1': 1.0} {'1': 1.0} {'1': 1.0}
2309449173 {'1': 1.0} {'1': 1.0} {'1': 1.0}
1745180290 {'1': 1.0} {'1': 1.0} {'1': 1.0}
2561341187 {'1': 1.0} {'1': 1.0} {'1': 1.0}
2484939862 {'1': 1.0} {'1': 1.0} {'1': 1.0}
2289709777 {'1': 1.0} {'1': 1.0} {'1': 1.0}
1771315090 {'1': 1.0} {'1': 1.0} {'1': 1.0}
1845354127 {'1': 1.0} {'1': 1.0} {'1': 1.0}
1630452315 {'1': 1.0} {'1': 1.0} {'1': 1.0}
2055509375 {'1': 1.0} {'1': 1.0} {'1': 1.0}
2347137397 {'1': 1.0} {'1': 1.0} {'1': 1.0}
2150839112 {'1': 1.0} {'1': 1.0} {'1': 1.0}
2522108025 {'1': 1.0} {'1': 1.0} {'1': 1.0}
1747876700 {'1': 1.0} {'1': 1.0} {'1': 1.0}
2528459362 {'1': 1.0} {'1': 1.0} {'1': 1.0}
2257029027 {'1': 1.0} {'1': 1.0} {'1': 1.0}
1822102310 {'1': 1.0} {'1': 1.0} {'1': 1.0}
1875969654 {'1': 1.0} {'1': 1.0} {'1': 1.0}
1917528345 {'1': 1.0} {'1': 1.0} {'1': 1.0}
2044221315 {'1': 1.0} {'1': 1.0} {'1': 1.0}
2427135073 {'1': 1.0} {'1': 1.0} {'1': 1.0}
1093552572 {'1': 1.0} {'1': 1.0} {'1': 1.0}
2230910281 {'1': 1.0} {'1': 1.0} {'1': 1.0}
2623440157 {'1': 1.0} {'1': 1.0} {'1': 1.0}
1450992545 {'1': 1.0} {'1': 1.0} {'1': 1.0}
2130800155 {'1': 1.0} {'1': 1.0} {'1': 1.0}
3054725901 {'1': 1.0} {'1': 1.0} {'1': 1.0}
2709447741 {'1': 1.0} {'1': 1.0} {'1': 1.0}
1631786285 {'1': 1.0} {'1': 1.0} {'1': 1.0}
1544483892 {'1': 1.0} {'1': 1.0} {'1': 1.0}
2199716397 {'1': 1.0} {'1': 1.0} {'1': 1.0}
1717178103 {'1': 1.0} {'1': 1.0} {'1': 1.0}
1279023363 {'1': 1.0} {'1': 1.0} {'1': 1.0}
1655136275 {'1': 1.0} {'1': 1.0} {'1': 1.0}
2106597335 {'1': 1.0} {'1': 1.0} {'1': 1.0}
3178838240 {'1': 1.0} {'1': 1.0} {'1': 1.0}
1853750521 {'1': 1.0} {'1': 1.0} {'1': 1.0}
1586432443 {'1': 1.0} {'1': 1.0} {'1': 1.0}
2022772663 {'1': 1.0} {'1': 1.0} {'1': 1.0}
1353942620 {'1': 1.0} {'1': 1.0} {'1': 1.0}
1696372317 {'1': 1.0} {'1': 1.0} {'1': 1.0}
1198649070 {'1': 1.0} {'1': 1.0} {'1': 1.0}
1144525902 {'1': 1.0} {'1': 1.0} {'1': 1.0}
2213080505 {'1': 1.0} {'1': 1.0} {'1': 1.0}
3204167305 {'1': 1.0} {'1': 1.0} {'1': 1.0}
1869088172 {'1': 1.0} {'1': 1.0} {'1': 1.0}
1689211352 {'1': 1.0} {'1': 1.0} {'1': 1.0}
1067564245 {'1': 1.0} {'1': 1.0} {'1': 1.0}
2303187535 {'1': 1.0} {'1': 1.0} {'1': 1.0}
1149035224 {'1': 1.0} {'1': 1.0} {'1': 1.0}
1823586962 {'1': 1.0} {'1': 1.0} {'1': 1.0}
1746171492 {'1': 1.0} {'1': 1.0} {'1': 1.0}
2611909783 {'1': 1.0} {'1': 1.0} {'1': 1.0}
2387159551 {'1': 1.0} {'1': 1.0} {'1': 1.0}
2770605382 {'1': 1.0} {'1': 1.0} {'1': 1.0}
1951083117 {'1': 1.0} {'1': 1.0} {'1': 1.0}
2377078151 {'1': 1.0} {'1': 1.0} {'1': 1.0}
1951264841 {'1': 1.0} {'1': 1.0} {'1': 1.0}
2416628144 {'1': 1.0} {'1': 1.0} {'1': 1.0}
1684593533 {'1': 1.0} {'1': 1.0} {'1': 1.0}
3127686344 {'1': 1.0} {'1': 1.0} {'1': 1.0}
2249496385 {'1': 1.0} {'1': 1.0} {'1': 1.0}
2904949690 {'1': 1.0} {'1': 1.0} {'1': 1.0}
1652187672 {'1': 1.0} {'1': 1.0} {'1': 1.0}
1489958432 {'1': 1.0} {'1': 1.0} {'1': 1.0}
1843975422 {'1': 1.0} {'1': 1.0} {'1': 1.0}
2564189881 {'1': 1.0} {'1': 1.0} {'1': 1.0}
1768312481 {'1': 1.0} {'1': 1.0} {'1': 1.0}
2405278354 {'1': 1.0} {'1': 1.0} {'1': 1.0}
2145433191 {'1': 1.0} {'1': 1.0} {'1': 1.0}
1566232913 {'1': 1.0} {'1': 1.0} {'1': 1.0}
2132742033 {'1': 1.0} {'1': 1.0} {'1': 1.0}
2553102145 {'1': 1.0} {'1': 1.0} {'1': 1.0}
3187396657 {'1': 1.0} {'1': 1.0} {'1': 1.0}
1701848840 {'1': 1.0} {'1': 1.0} {'1': 1.0}
2105354510 {'1': 1.0} {'1': 1.0} {'1': 1.0}
3056988735 {'1': 1.0} {'1': 1.0} {'1': 1.0}
3018142421 {'1': 1.0} {'1': 1.0} {'1': 1.0}
1868961154 {'1': 1.0} {'1': 1.0} {'1': 1.0}
1095348972 {'1': 1.0} {'1': 1.0} {'1': 1.0}
1655718884 {'1': 1.0} {'1': 1.0} {'1': 1.0}
1653272323 {'1': 1.0} {'1': 1.0} {'1': 1.0}
1977642431 {'1': 1.0} {'1': 1.0} {'1': 1.0}
1217989875 {'1': 1.0} {'1': 1.0} {'1': 1.0}
2354851307 {'1': 1.0} {'1': 1.0} {'1': 1.0}
2537754962 {'1': 1.0} {'1': 1.0} {'1': 1.0}
